series,run,sr_pre,sr_min,sr_final,qi_final,atk_qquar,atk_epsilon
DET(200),1,0.99,0.815,0.96,0.977036,5.904,0.136901
DET(200),2,0.99,0.61,0.96,0.978339,8.86639,0.124946
DET(200),3,1.0,0.905,0.995,0.990479,10.8712,0.114035
DET(200),4,0.965,0.91,0.955,0.976872,12.483,0.0979257
DET(200),5,0.985,0.805,0.965,0.976505,11.2713,0.0893741
DET(200),6,0.985,0.905,0.96,0.963042,11.5233,0.0840921
DET(200),7,0.995,0.895,0.985,0.982092,12.0515,0.0767486
DET(200),8,0.955,0.81,0.93,0.969588,11.0504,0.0722128
DET(200),9,0.985,0.655,0.945,0.968336,10.5378,0.067945
DET(200),10,0.975,0.895,0.97,0.982951,10.4302,0.0659066
DET(200),11,1.0,0.81,0.985,0.9893,11.6559,0.0620115
DET(200),12,0.965,0.815,0.95,0.974605,12.1906,0.0583466
DET(200),13,0.975,0.61,0.935,0.968413,10.3863,0.0532514
DET(200),14,0.985,0.875,0.96,0.978514,10.7415,0.0486011
DET(200),15,0.995,0.935,0.985,0.985933,10.3037,0.0443569
DET(200),16,1.0,1.0,1.0,0.991286,13.0005,0.0404833
DET(200),17,0.975,0.84,0.96,0.973791,11.5363,0.036948
DET(200),18,0.985,0.825,0.97,0.982918,12.6445,0.0347644
DET(200),19,0.995,0.915,0.99,0.98838,11.6925,0.0337215
DET(200),20,0.975,0.975,0.975,0.980212,12.0261,0.0307767
DET(200),21,0.98,0.895,0.97,0.981421,12.0261,0.0280891
DET(200),22,0.995,0.89,0.99,0.982704,12.0261,0.0256362
DET(200),23,0.985,0.825,0.97,0.974649,12.0261,0.0233975
DET(200),24,0.97,0.715,0.94,0.977215,11.6209,0.0213543
DET(200),25,0.97,0.97,0.97,0.980288,11.7002,0.02
DET(200),26,0.965,0.705,0.935,0.970656,11.6209,0.02
DET(200),27,0.985,0.85,0.975,0.986205,13.1234,0.02
DET(200),28,0.995,0.825,0.975,0.980257,12.4987,0.02
DET(200),29,0.99,0.85,0.965,0.981645,13.759,0.02
DET(200),30,0.985,0.935,0.98,0.986558,15.4397,0.02
DET(200),31,1.0,0.835,0.985,0.985913,16.7842,0.02
DET(200),32,0.995,0.82,0.965,0.969861,16.7842,0.02
DET(200),33,0.995,0.82,0.98,0.98707,16.7842,0.02
DET(200),34,0.975,0.82,0.965,0.983108,16.7842,0.02
DET(200),35,0.995,0.84,0.965,0.98126,16.6207,0.02
DET(250),1,1.0,0.828,0.972,0.984685,6.7232,0.136901
DET(250),2,0.992,0.864,0.98,0.983916,7.90285,0.124946
DET(250),3,0.992,0.688,0.976,0.982009,9.74479,0.114035
DET(250),4,0.976,0.844,0.964,0.986065,9.86933,0.107296
DET(250),5,0.988,0.712,0.96,0.966665,10.9053,0.0979262
DET(250),6,0.98,0.824,0.964,0.978237,11.6062,0.0921388
DET(250),7,0.972,0.852,0.968,0.981409,11.028,0.0893746
DET(250),8,1.0,0.912,0.984,0.974204,10.4211,0.0840926
DET(250),9,0.996,0.84,0.984,0.981287,11.969,0.076749
DET(250),10,0.988,0.856,0.976,0.985229,12.2304,0.0700467
DET(250),11,0.924,0.772,0.912,0.963267,11.4275,0.0620118
DET(250),12,0.992,0.868,0.976,0.985761,10.5847,0.0565965
DET(250),13,0.988,0.928,0.976,0.982559,10.2395,0.0532516
DET(250),15,1.0,0.752,0.98,0.987398,11.9202,0.0486013
DET(250),16,0.996,0.828,0.98,0.98653,11.8851,0.045729
DET(250),18,0.984,0.856,0.968,0.98101,10.7721,0.0430264
DET(250),19,0.988,0.848,0.972,0.984602,13.2309,0.039269
DET(250),20,0.988,0.824,0.972,0.984604,12.2185,0.0347646
DET(250),21,0.972,0.88,0.968,0.98342,11.4198,0.0337217
DET(250),22,0.996,0.884,0.984,0.984884,10.7269,0.0317287
DET(250),23,0.956,0.776,0.952,0.975555,12.3699,0.0298535
DET(250),24,0.98,0.828,0.968,0.976038,12.3913,0.0272465
DET(250),25,0.972,0.912,0.96,0.979598,10.7836,0.0256362
DET(250),26,0.98,0.84,0.976,0.972805,10.4012,0.0241211
DET(250),27,0.98,0.98,0.98,0.988243,10.1643,0.0226955
DET(250),28,0.992,0.868,0.972,0.982319,11.543,0.0200922
DET(250),29,1.0,0.776,0.984,0.981151,9.25402,0.02
DET(250),30,0.984,0.672,0.956,0.979851,12.1104,0.02
DET(250),31,0.964,0.824,0.952,0.974241,12.6471,0.02
DET(250),32,0.996,0.908,0.976,0.973336,12.5026,0.02
DET(250),33,0.968,0.82,0.956,0.977141,13.0096,0.02
DET(250),34,0.996,0.784,0.976,0.978974,12.9501,0.02
DET(250),35,0.972,0.92,0.964,0.975163,11.2084,0.02
DET(FR),1,0.975,0.525,0.94,0.924211,2.0,0.141135
DET(FR),2,0.995,0.71,0.95,0.878196,4.88,0.12881
DET(FR),3,0.985,0.805,0.965,0.969013,6.7232,0.117561
DET(FR),4,1.0,0.785,0.95,0.877127,9.3012,0.107295
DET(FR),5,0.99,0.825,0.97,0.953455,9.43436,0.0979252
DET(FR),6,0.96,0.765,0.91,0.863749,9.54749,0.0893737
DET(FR),7,0.995,0.77,0.945,0.872996,12.8635,0.0767482
DET(FR),8,0.985,0.54,0.94,0.908697,11.5094,0.070046
DET(FR),9,0.995,0.785,0.945,0.854906,12.9834,0.0639291
DET(FR),10,0.99,0.715,0.915,0.87097,15.9491,0.050104
DET(FR),11,0.99,0.835,0.975,0.957703,13.1793,0.0471429
DET(FR),12,0.985,0.765,0.97,0.937577,13.4309,0.0404832
DET(FR),13,0.995,0.67,0.93,0.86868,13.4309,0.0327097
DET(FR),14,0.99,0.8,0.945,0.90522,12.7447,0.0289577
DET(FR),15,0.995,0.85,0.975,0.953337,15.3331,0.024867
DET(FR),16,0.975,0.735,0.93,0.866366,12.8462,0.0207135
DET(FR),17,0.99,0.69,0.925,0.921589,12.7447,0.02
DET(FR),18,0.995,0.835,0.945,0.89255,15.6164,0.02
DET(FR),19,0.975,0.83,0.96,0.963513,12.3005,0.02
DET(FR),20,0.995,0.74,0.955,0.905848,12.1958,0.02
DET(FR),21,0.99,0.765,0.94,0.870285,12.1958,0.02
DET(FR),22,0.975,0.795,0.96,0.933084,12.1958,0.02
DET(FR),23,0.99,0.64,0.97,0.956492,11.7566,0.02
DET(FR),24,0.985,0.705,0.95,0.919909,13.1922,0.02
DET(FR),25,0.995,0.805,0.93,0.883311,12.4651,0.02
DET(FR),26,0.97,0.75,0.94,0.899347,11.4053,0.02
DET(FR),27,0.975,0.57,0.925,0.866632,11.4053,0.02
DET(FR),28,1.0,0.655,0.95,0.876182,11.4053,0.02
DET(FR),29,0.995,0.85,0.99,0.974888,11.4053,0.02
DET(FR),30,0.955,0.785,0.925,0.919719,11.441,0.02
DET(FR),31,0.985,0.755,0.945,0.898159,11.6446,0.02
DET(FR),32,1.0,0.68,0.925,0.814236,10.8994,0.02
DET(FR),33,0.96,0.755,0.93,0.8805,10.7195,0.02
DET(FR),34,0.945,0.645,0.92,0.899446,11.1292,0.02
DET(FR),35,0.935,0.79,0.93,0.955382,11.8933,0.02
QL(250),1,0.988,0.74,0.976,0.956075,0.0,0.132794
QL(250),2,0.996,0.744,0.984,0.970828,0.0,0.121197
QL(250),3,0.996,0.696,0.98,0.97491,0.0,0.107295
QL(250),4,0.996,0.62,0.98,0.971145,0.0,0.0949875
QL(250),5,0.988,0.52,0.968,0.943328,0.0,0.0866925
QL(250),6,0.896,0.7,0.884,0.947774,0.0,0.0791219
QL(250),7,1.0,0.58,0.98,0.965866,0.0,0.0722124
QL(250),8,0.992,0.804,0.98,0.974269,0.0,0.0659063
QL(250),9,0.972,0.628,0.968,0.93459,0.0,0.056596
QL(250),10,0.952,0.704,0.944,0.941007,0.0,0.0516536
QL(250),11,0.996,0.716,0.976,0.939649,0.0,0.0471428
QL(250),12,0.984,0.716,0.972,0.935144,0.0,0.043026
QL(250),13,0.988,0.552,0.972,0.93483,0.0,0.0404832
QL(250),14,0.972,0.652,0.96,0.926115,0.0,0.0369479
QL(250),15,0.996,0.828,0.984,0.961332,0.0,0.0347643
QL(250),16,0.98,0.744,0.964,0.949119,0.0,0.0307766
QL(250),17,0.996,0.788,0.98,0.937744,0.0,0.028089
QL(250),18,0.984,0.836,0.968,0.941613,0.0,0.0256361
QL(250),19,0.992,0.696,0.972,0.921904,0.0,0.0233974
QL(250),20,0.984,0.58,0.972,0.965851,0.0,0.0220146
QL(250),21,0.984,0.616,0.968,0.913986,0.0,0.0200921
QL(250),22,0.984,0.54,0.964,0.927667,0.0,0.02
QL(250),23,0.988,0.316,0.968,0.931078,0.0,0.02
QL(250),24,0.976,0.72,0.972,0.92866,0.0,0.02
QL(250),25,0.996,0.644,0.98,0.947509,0.0,0.02
QL(250),26,0.996,0.84,0.988,0.945564,0.0,0.02
QL(250),27,0.976,0.524,0.956,0.940516,0.0,0.02
QL(250),28,0.992,0.636,0.976,0.942663,0.0,0.02
QL(250),29,0.976,0.692,0.976,0.944432,0.0,0.02
QL(250),30,0.952,0.804,0.94,0.934421,0.0,0.02
QL(250),31,1.0,0.564,0.984,0.949647,0.0,0.02
QL(250),32,0.964,0.64,0.984,0.94065,0.0,0.02
QL(250),33,0.984,0.484,0.976,0.921419,0.0,0.02
QL(250),34,0.992,0.804,0.976,0.941228,0.0,0.02
QL(250),35,0.976,0.696,0.96,0.960451,0.0,0.02
